epoch,train_total,val_total,val_monitor,steps,seconds,train_data,val_data,train_penalty,val_penalty
1,1.4687024878961068,1.2386908747355143,1.2386908747355143,33,5.4247753620147705,1.4687024878961068,1.2386908747355143,7.036435157993361e-12,0.0
2,1.0936404173603764,0.9251942222913107,0.9251942222913107,66,10.591170072555542,1.0936404173603764,0.9251942222913107,0.0,0.0
3,0.8852600143609224,0.8219687974611918,0.8219687974611918,99,16.482857704162598,0.8852600143609224,0.8219687974611918,0.0,0.0
4,0.8263197076479594,0.7902701473236085,0.7902701473236085,132,22.84183979034424,0.8263197076479594,0.7902701473236085,0.0,0.0
5,0.8052297598450272,0.7786649097442627,0.7786649097442627,165,28.943329572677612,0.8052297598450272,0.7786649097442627,0.0,0.0
6,0.7977538877063327,0.7746506085077921,0.7746506085077921,198,35.624996185302734,0.7977538877063327,0.7746506085077921,0.0,0.0
7,0.7952412390991493,0.772971355787913,0.772971355787913,231,40.85501766204834,0.7952412390991493,0.772971355787913,0.0,0.0
8,0.7939377267802203,0.7717708769480387,0.7717708769480387,264,46.26051688194275,0.7939377267802203,0.7717708769480387,0.0,0.0
9,0.792955785924417,0.7709377393722534,0.7709377393722534,297,51.308470726013184,0.792955785924417,0.7709377393722534,0.0,0.0
10,0.79205427014033,0.7698923392295838,0.7698923392295838,330,56.37745237350464,0.79205427014033,0.7698923392295838,0.0,0.0
11,0.7909233337896842,0.7689383021672567,0.7689383021672567,363,61.56778073310852,0.7909233337896842,0.7689383021672567,0.0,0.0
12,0.7898934757162024,0.7678063815434774,0.7678063815434774,396,67.09446120262146,0.7898934757162024,0.7678063815434774,0.0,0.0
13,0.7883291075317947,0.7660600246747334,0.7660600246747334,429,73.66058254241943,0.7883291075317947,0.7660600246747334,0.0,0.0
14,0.7865328999695954,0.7644485617001852,0.7644485617001852,462,80.26905345916748,0.7865328999695954,0.7644485617001852,0.0,0.0
15,0.7841965595633895,0.7615741943041484,0.7615741943041484,495,86.59825277328491,0.7841965595633895,0.7615741943041484,0.0,0.0
16,0.7811626376964428,0.7582411907513936,0.7582411907513936,528,92.56246089935303,0.7811626376964428,0.7582411907513936,0.0,0.0
17,0.7776362077571728,0.7545156200408936,0.7545156200408936,561,98.4310040473938,0.7776362077571728,0.7545156200408936,0.0,0.0
18,0.7735456200811598,0.7506434743881225,0.7506434743881225,594,104.74530100822449,0.7735456200811598,0.7506434743881225,0.0,0.0
19,0.7692272702040496,0.7464112036069234,0.7464112036069234,627,110.49934649467468,0.7692272702040496,0.7464112036069234,0.0,0.0
20,0.7647040348688762,0.7423864297231039,0.7423864297231039,660,116.20114660263062,0.7647040348688762,0.7423864297231039,0.0,0.0
21,0.7605438233516835,0.7383712209065755,0.7383712209065755,693,122.27593302726746,0.7605438233516835,0.7383712209065755,0.0,0.0
22,0.7570033317636561,0.7357940954526265,0.7357940954526265,726,128.00596356391907,0.7570033317636561,0.7357940954526265,0.0,0.0
23,0.7542512556287977,0.7336149553934733,0.7336149553934733,759,133.76902651786804,0.7542512556287977,0.7336149553934733,0.0,0.0
24,0.7521072582810013,0.7315266471862792,0.7315266471862792,792,139.09217047691345,0.7521072582810013,0.7315266471862792,0.0,0.0
25,0.7506167202137135,0.7304885539690653,0.7304885539690653,825,144.39263200759888,0.7506167202137135,0.7304885539690653,0.0,0.0
26,0.7494198057598538,0.7295211567242941,0.7295211567242941,858,149.80082488059998,0.7494198057598538,0.7295211567242941,0.0,0.0
27,0.7486027013778687,0.7294763708750407,0.7294763708750407,891,154.9407126903534,0.7486027013778687,0.7294763708750407,0.0,0.0
28,0.7480469917615254,0.7288707205136618,0.7288707205136618,924,160.03886675834656,0.7480469917615254,0.7288707205136618,0.0,0.0
29,0.7471884102680065,0.7275399431228637,0.7275399431228637,957,165.0987799167633,0.7471884102680065,0.7275399431228637,0.0,0.0
30,0.7467185841277794,0.7272919078191121,0.7272919078191121,990,170.30833840370178,0.7467185841277794,0.7272919078191121,0.0,0.0
31,0.7462675567450346,0.7268200471242269,0.7268200471242269,1023,175.3477611541748,0.7462675567450346,0.7268200471242269,0.0,0.0
32,0.7460252365394875,0.7268534461975098,0.7268534461975098,1056,180.54530811309814,0.7460252365394875,0.7268534461975098,0.0,0.0
33,0.7457282727524086,0.7264676403045655,0.7264676403045655,1089,185.70046830177307,0.7457282727524086,0.7264676403045655,0.0,0.0
34,0.7454015333846763,0.7261322475115458,0.7261322475115458,1122,190.80358958244324,0.7454015333846763,0.7261322475115458,0.0,0.0
35,0.7450920710881551,0.726134037621816,0.726134037621816,1155,196.10444521903992,0.7450920710881551,0.726134037621816,0.0,0.0
36,0.7449190417395698,0.7255435897827148,0.7255435897827148,1188,201.22324299812317,0.7449190417395698,0.7255435897827148,0.0,0.0
37,0.7446512637668186,0.7253177442232768,0.7253177442232768,1221,206.2914068698883,0.7446512637668186,0.7253177442232768,0.0,0.0
38,0.7444784440146552,0.7254101434071859,0.7254101434071859,1254,211.28943538665771,0.7444784440146552,0.7254101434071859,0.0,0.0
39,0.7443716302447849,0.7253253245989482,0.7253253245989482,1287,216.3621106147766,0.7443716302447849,0.7253253245989482,2.93637542264841e-17,1.1226728458916626e-16
40,0.7438677228539078,0.7249187796592712,0.7249187796592712,1320,221.59540462493896,0.7438677228539078,0.7249187796592712,0.0,0.0
41,0.7437171932114495,0.7244228905995687,0.7244228905995687,1353,226.58462476730347,0.7437171932114495,0.7244228905995687,0.0,0.0
42,0.7434097220526801,0.7241294870058695,0.7241294870058695,1386,231.6607780456543,0.7434097220526801,0.7241294870058695,0.0,0.0
43,0.7432916155779803,0.7242375745137533,0.7242375745137533,1419,236.7077841758728,0.7432916155779803,0.7242375745137533,0.0,0.0
44,0.743214836661021,0.7241229745864868,0.7241229745864868,1452,241.6881492137909,0.743214836661021,0.7241229745864868,1.7090695145896787e-20,0.0
45,0.7428797595130072,0.7237896373112996,0.7237896373112996,1485,246.8663091659546,0.7428797595130072,0.7237896373112996,0.0,0.0
46,0.7426710230721367,0.7237440773963928,0.7237440773963928,1518,251.9788417816162,0.7426710230721367,0.7237440773963928,0.0,2.4453845012114804e-18
47,0.7426151529382776,0.7236062895139058,0.7236062895139058,1551,257.0645649433136,0.7426151529382776,0.7236062895139058,2.606697339734601e-19,0.0
48,0.7424900595311765,0.7233670850435893,0.7233670850435893,1584,262.4143736362457,0.7424900595311765,0.7233670850435893,0.0,2.749769518122858e-16
49,0.7422948895701655,0.7234341503461202,0.7234341503461202,1617,267.6330916881561,0.7422948895701655,0.7234341503461202,8.756688147227154e-18,0.0
50,0.7422712584813436,0.7231825276056926,0.7231825276056926,1650,272.61478972435,0.7422712584813436,0.7231825276056926,0.0,0.0
51,0.742089129031146,0.7231507109324138,0.7231507109324138,1683,277.7577440738678,0.742089129031146,0.7231507109324138,0.0,0.0
52,0.7419392871715405,0.7233482649167379,0.7233482649167379,1716,282.77629017829895,0.7419392871715405,0.7233482649167379,0.0,0.0
53,0.7419899771972939,0.7229071318308512,0.7229071318308512,1749,287.846830368042,0.7419899771972939,0.7229071318308512,1.5312258133181658e-16,0.0
54,0.7417108572924579,0.7230191582043966,0.7230191582043966,1782,293.0812888145447,0.7417108572924579,0.7230191582043966,8.278042954607273e-20,0.0
55,0.7417190850893657,0.7228254831631978,0.7228254831631978,1815,298.02460765838623,0.7417190850893657,0.7228254831631978,0.0,0.0
56,0.7415664007363496,0.7225995495160421,0.7225995495160421,1848,303.0286777019501,0.7415664007363496,0.7225995495160421,0.0,0.0
57,0.741524411144963,0.7225077496528626,0.7225077496528626,1881,308.0985586643219,0.741524411144963,0.7225077496528626,0.0,3.474544977859481e-16
58,0.7415834667806273,0.7227395548502604,0.7227395548502604,1914,313.53585481643677,0.7415834667806273,0.7227395548502604,0.0,0.0
59,0.7414782356968632,0.7226526732762655,0.7226526732762655,1947,319.0932629108429,0.7414782356968632,0.7226526732762655,0.0,0.0
60,0.7413007681634691,0.7228078378677368,0.7228078378677368,1980,324.343843460083,0.7413007681634691,0.7228078378677368,1.4172019396496294e-17,0.0
